Room Name,Price Without Breakfast,Price With Breakfast,Status
"Annex Tower Double Room, Non-Smoking (8th-20th Floors)","50,934 ","64,154 ",Available
"Main Tower Twin Room, Non-Smoking (6th-16th floors)","51,864 ","65,115 ",Available
"Main Tower Twin Room, Smoking (17th floor)","54,751 ","68,099 ",Available
"Main Tower Twin Room, Non-Smoking (18th-27th floors)","54,751 ","68,099 ",Available
"Annex Tower Double Room, Non-Smoking (21st-29th Floors)","58,974 ","72,461 ",Available
"Main Tower Upper Floor Twin Room, Non-Smoking (28th-34th floors)","63,394 ","77,027 ",Available
"Main Tower Premier Double Room, Non-Smoking (35th-36th floors)","67,970 ","81,756 ",Available
"Main Tower Premier Double Room, Smoking (37th floor)","67,970 ","81,756 ",Available
"Annex Tower Millennial Double Room, Non-Smoking (30th-32nd floors)","68,095 ","81,882 ",Available
"Annex Tower Millennial Twin Room, Non-Smoking (30th-32nd floors)","68,095 ","81,882 ",Available
"Annex Tower King Room, Non-Smoking (8th-20th Floors)","69,712 ","83,554 ",Available
"Main Tower Corner Twin Room with Extra Bed, Non-Smoking (18th-26th floors)","74,936 ","88,953 ",Available
"Annex Tower King Room, Non-Smoking (21st-29th Floors)","75,070 ","89,091 ",Available
"Main Tower Upper Floor Corner Twin Room, Non-Smoking (30th-34th floors)","80,695 ","94,905 ",Available
"Annex Tower Millennial King Room, Non-Smoking (30th-32nd floors)","91,160 ","105,720 ",Available
"Main Tower Premier Corner Twin Room, Non-Smoking (35th-36th floors)","92,238 ","106,835 ",Available
"Main Tower Corner Twin Room with Sofa, Non-Smoking (6th-16th floors)",,,Sold out
"Main Tower Corner Twin Room with Sofa, Non-Smoking (19th-27th floors)",,,Sold out
"Main Tower Upper Floor Twin Room, Smoking (32nd floor)",,,Sold out
"Annex Tower Twin Room, Non-Smoking (9th-14th Floors)",,,Sold out
