source,title,url,price,miles,year
AMS Vans,Used Wheelchair Vans,https://www.amsvans.com/wheelchair-vans/used,0,,
AMS Vans,New Wheelchair Vans,https://www.amsvans.com/wheelchair-vans/new,0,,
AMS Vans,Preowned Vehicle Specials,https://www.amsvans.com/wheelchair-vans/handicap-vans,0,,
AMS Vans,Ford Transit Vans,https://www.amsvans.com/wheelchair-vans/ford-transit-wheelchair-vans,0,,
AMS Vans,Commercial,https://www.amsvans.com/wheelchair-vans/commercial,0,,
AMS Vans,Special Offers & Incentives,https://www.amsvans.com/wheelchair-vans/handicap-vans,0,,
AMS Vans,Mobility Classifieds,https://www.amsvans.com/wheelchair-vans/mobility-classifieds,0,,
AMS Vans,Mercedes,https://www.amsvans.com/wheelchair-vans/mercedes-sprinter-wheelchair-vans,0,,
