[
  {
    "source": "AMS Vans",
    "title": "Used Wheelchair Vans",
    "url": "https://www.amsvans.com/wheelchair-vans/used",
    "price": 0,
    "miles": null,
    "year": null
  },
  {
    "source": "AMS Vans",
    "title": "New Wheelchair Vans",
    "url": "https://www.amsvans.com/wheelchair-vans/new",
    "price": 0,
    "miles": null,
    "year": null
  },
  {
    "source": "AMS Vans",
    "title": "Preowned Vehicle Specials",
    "url": "https://www.amsvans.com/wheelchair-vans/handicap-vans",
    "price": 0,
    "miles": null,
    "year": null
  },
  {
    "source": "AMS Vans",
    "title": "Ford Transit Vans",
    "url": "https://www.amsvans.com/wheelchair-vans/ford-transit-wheelchair-vans",
    "price": 0,
    "miles": null,
    "year": null
  },
  {
    "source": "AMS Vans",
    "title": "Commercial",
    "url": "https://www.amsvans.com/wheelchair-vans/commercial",
    "price": 0,
    "miles": null,
    "year": null
  },
  {
    "source": "AMS Vans",
    "title": "Special Offers & Incentives",
    "url": "https://www.amsvans.com/wheelchair-vans/handicap-vans",
    "price": 0,
    "miles": null,
    "year": null
  },
  {
    "source": "AMS Vans",
    "title": "Mobility Classifieds",
    "url": "https://www.amsvans.com/wheelchair-vans/mobility-classifieds",
    "price": 0,
    "miles": null,
    "year": null
  },
  {
    "source": "AMS Vans",
    "title": "Mercedes",
    "url": "https://www.amsvans.com/wheelchair-vans/mercedes-sprinter-wheelchair-vans",
    "price": 0,
    "miles": null,
    "year": null
  }
]